Time,Voltage,Current,Temperature,State
0,12.0359093122201,2.0636025562175,30,0
0.001,11.5594198262788,2.02690395670112,30.0201264992879,0
0.002,11.5788685671312,2.05049415023324,30.04017799443,0
0.003,11.7561167573898,1.93526297427587,30.0601555912877,0
0.004,11.6106295477138,1.98848393660433,30.0800603642604,0
0.005,11.6116675605248,1.96527205713256,30.0998933563636,0
0.006,11.5587672729789,1.96212422813937,30.1196555793092,0
0.007,11.4387779225208,2.08953820139704,30.1393480135894,0
0.008,11.5190748769819,2.10241697165741,30.1589716085638,0
0.009,11.5020938902191,2.04962027760596,30.17852728255,0
0.01,11.5946454257748,2.01319268516204,30.1980159229171,0
0.011,11.6018030828493,2.12116299897737,30.2174383861835,0
0.012,11.5667677231729,2.1663953889927,30.2367954981183,0
0.013,11.6568366243238,2.11654087653591,30.2560880538463,0
0.014,11.5477289413843,2.04645770581754,30.2753168179572,0
0.015,11.6046815814591,2.07128098030044,30.2944825246184,0
0.016,11.4932225963902,2.1350737359171,30.3135858776931,0
0.017,11.4805011398855,2.1091755906159,30.3326275508613,0
0.018,11.5481605285357,2.16352032361227,30.3516081877462,0
0.019,11.6587310069255,2.06921945511609,30.3705284020446,0
0.02,11.5944673248038,2.20122160957803,30.3893887776622,0
0.021,11.6035970183102,2.11609788790781,30.4081898688531,0
0.022,11.501593271655,2.10098503952586,30.4269322003647,0
0.023,11.5026205585919,2.08383894074289,30.4456162675869,0
0.024,11.6274584251115,2.19138965446567,30.4642425367067,0
0.025,11.6134876608582,2.13778318898736,30.4828114448675,0
0.026,11.4351660945457,2.14684929748376,30.5013234003335,0
0.027,11.416575618926,2.14763547683284,30.5197787826597,0
0.028,11.6669663279369,2.12042899690081,30.5381779428663,0
0.029,11.5614296632852,2.14288403731939,30.5565212036198,0
0.03,11.5469539973122,2.17820484249481,30.5748088594178,0
0.031,11.5997051461292,2.29846689342227,30.5930411767806,0
0.032,11.549934572361,2.17696578615905,30.6112183944476,0
0.033,11.580769294702,2.241502521504,30.6293407235798,0
0.034,11.6051336233022,2.16020609093472,30.6474083479669,0
0.035,11.3955677289691,2.25666987315767,30.6654214242416,0
0.036,11.5575035589691,2.26348745230208,30.6833800820982,0
0.037,11.5511147602049,2.26010263738203,30.7012844245175,0
0.038,11.5941405493123,2.24851050294981,30.719134527998,0
0.039,11.5831607358043,2.14423811251937,30.736930442792,0
0.04,11.4272072993827,2.2339491732618,30.7546721931479,0
0.041,11.5635947830832,2.27659153785109,30.772359777559,0
0.042,11.4493596204994,2.16151195501382,30.7899931690172,0
0.043,11.512791928812,2.23644569378577,30.8075723152735,0
0.044,11.5576863418898,2.32264321877223,30.8250971391038,0
0.045,11.641592510089,2.26978740647736,30.8425675385811,0
0.046,11.5914605777456,2.34120607492566,30.8599833873536,0
0.047,11.5705906632821,2.26172270948925,30.8773445349284,0
0.048,11.4005457459,2.34577773014246,30.8946508069621,0
0.049,11.5529307395271,2.29699451436578,30.9119020055562,0
0.05,11.6580765090336,2.3280324648606,30.9290979095595,0
0.051,11.3282077912599,2.2271020964488,30.946238274876,0
0.052,11.5849667386139,2.23023459507749,30.9633228347787,0
0.053,11.2917543140328,2.33360328883319,30.9803513002298,0
0.054,11.5062625750062,2.29617658107885,30.9973233602063,0
0.055,11.5755850919932,2.22773019692502,31.0142386820322,0
0.056,11.3642065449065,2.30116323376522,31.0310969117158,0
0.057,11.6097597234096,2.31081569532646,31.0478976742938,0
0.058,11.5531863021904,2.29058003705521,31.0646405741802,0
0.059,11.627785018359,2.27565062319221,31.0813251955223,0
0.06,11.5796644574605,2.35370044558411,31.0979511025612,0
0.061,11.4854664675646,2.36396070475844,31.1145178399989,0
0.062,11.5617104734655,2.31156729665476,31.1310249333711,0
0.063,11.5262306027161,2.42233685126582,31.1474718894253,0
0.064,11.3385011418827,2.33618145147764,31.1638581965044,0
0.065,11.5603043948104,2.2658630137031,31.1801833249369,0
0.066,11.5593797011113,2.37033218130793,31.1964467274314,0
0.067,11.5671746895654,2.41409952670801,31.2126478394772,0
0.068,11.5351826750627,2.28271574564097,31.2287860797505,0
0.069,11.5112343357215,2.47558228499397,31.2448608505253,0
0.07,11.2536103970772,2.37122836009458,31.2608715380908,0
0.071,11.676264277221,2.34861283120847,31.2768175131725,0
0.072,11.4281925400919,2.40787668773114,31.2926981313598,0
0.073,11.4478038963081,2.37058988802037,31.3085127335382,0
0.074,11.6024212400246,2.44886312055089,31.3242606463263,0
0.075,11.4616603006654,2.47152065725873,31.3399411825186,0
0.076,11.4176457296669,2.4306810210989,31.3555536415324,0
0.077,11.5809515510263,2.41215914345157,31.3710973098598,0
0.078,11.4907066322499,2.33082713287408,31.3865714615249,0
0.079,11.4032213198974,2.3812983746828,31.4019753585452,0
0.08,11.6794866647458,2.42400819122017,31.4173082513976,0
0.081,11.4833419635722,2.32637062525429,31.4325693794897,0
0.082,11.4359344976417,2.37688288764116,31.4477579716346,0
0.083,11.377256867916,2.44028654003242,31.4628732465306,0
0.084,11.4794436957494,2.37438087099798,31.4779144132456,0
0.085,11.6667270030949,2.40051213821341,31.4928806717046,0
0.086,11.5736010234409,2.45716653654591,31.5077712131831,0
0.087,11.4074294320326,2.45453667218643,31.5225852208024,0
0.088,11.4893996653934,2.45388700446955,31.5373218700315,0
0.089,11.5951241162729,2.57282730160454,31.5519803291902,0
0.09,11.6642707179067,2.48706741946194,31.5665597599583,0
0.091,11.4949382584504,2.42224643392244,31.5810593178876,0
0.092,11.4255945170895,2.46126470219392,31.5954781529174,0
0.093,11.5357018274332,2.51940748549297,31.6098154098939,0
0.094,11.3932068322914,2.5542938083234,31.6240702290936,0
0.095,11.5939841761312,2.50049219177449,31.6382417467496,0
0.096,11.4109530697498,2.42969152678564,31.6523290955813,0
0.097,11.4427515082513,2.50513161871106,31.6663314053278,0
0.098,11.3053560699772,2.50145978366724,31.6802478032842,0
0.099,11.4088309710317,2.50142389779786,31.6940774148419,0
0.1,11.5294006277868,2.4745210795228,31.7078193640306,0
0.101,11.6230193581858,2.46828407709107,31.721472774065,0
0.102,11.6137047375402,2.48592470472673,31.7350367678932,0
0.103,11.3411643630073,2.45296205054629,31.7485104687492,0
0.104,11.4664056290019,2.51437732825475,31.7618930007072,0
0.105,11.5008591185159,2.48380509211802,31.7751834892396,0
0.106,11.4999261774232,2.55453014450937,31.7883810617779,0
0.107,11.5227778071112,2.5267637330402,31.8014848482753,0
0.108,11.5187842608213,2.50225966912803,31.8144939817735,0
0.109,11.4484243859004,2.55890568077755,31.8274075989712,0
0.11,11.4762433784977,2.5370600775773,31.8402248407956,0
0.111,11.4306403001545,2.5118875749738,31.8529448529767,0
0.112,11.4312057138239,2.45052226736546,31.865566786624,0
0.113,11.5927267530375,2.56377502658058,31.8780897988063,0
0.114,11.3783957734131,2.49184896048393,31.8905130531332,0
0.115,11.4629714224068,2.48153179006905,31.9028357203407,0
0.116,11.3806268169865,2.501491770245,31.9150569788779,0
0.117,11.5631579935572,2.55420022817643,31.9271760154975,0
0.118,11.3896520717069,2.50743909795089,31.9391920258482,0
0.119,11.3285456620803,2.4453339613998,31.9511042150706,0
0.12,11.3692295184205,2.4887010684067,31.9629117983949,0
0.121,11.5527150902633,2.46294023960044,31.9746140017426,0
0.122,11.7115888408177,2.49009524485969,31.9862100623297,0
0.123,11.4402839785603,2.44148121840142,31.9976992292739,0
0.124,11.5804191730798,2.52212590928682,32.0090807642041,0
0.125,11.6591554963118,2.48731563756717,32.0203539418735,0
0.126,11.6193964554083,2.46050864556178,32.0315180507755,0
0.127,11.6591688074369,2.47571368968345,32.042572393763,0
0.128,11.4377714556779,2.56830221579533,32.053516288671,0
0.129,11.6017751449241,2.44495950804124,32.0643490689427,0
0.13,11.4733423423437,2.52887835394228,32.0750700842595,0
0.131,11.3493062285042,2.51281632406195,32.0856787011745,0
0.132,11.4622388270854,2.44441111541708,32.0961743037501,0
0.133,11.5333666507629,2.50575007240154,32.1065562941994,0
0.134,11.6814769100106,2.45706506998749,32.1168240935328,0
0.135,11.5878398180624,2.54464391291261,32.126977142208,0
0.136,11.5233992634999,2.52986402118993,32.1370149007858,0
0.137,11.596683679503,2.49583234468881,32.1469368505898,0
0.138,11.4469499467205,2.45153998622449,32.1567424943724,0
0.139,11.3674789743847,2.47425777364053,32.1664313569858,0
0.14,11.4299640939517,2.47453097673939,32.1760029860587,0
0.141,11.3803134064516,2.51582936186845,32.185456952679,0
0.142,11.5972756784398,2.55992943209826,32.1947928520836,0
0.143,11.4856916986786,2.53454710506161,32.2040103043544,0
0.144,11.3804243280495,2.47329074159112,32.2131089551214,0
0.145,11.478911597266,2.40026888312875,32.2220884762733,0
0.146,11.415307369017,2.45643536341534,32.2309485666767,0
0.147,11.4686776157239,2.50961538358358,32.2396889529025,0
0.148,11.6427851255378,2.43761946461034,32.2483093899621,0
0.149,11.6497662754621,2.48905358882617,32.2568096620523,0
0.15,11.4264865725806,2.56152236111138,32.2651895833103,0
0.151,11.46373764998,2.56768882805831,32.2734489985785,0
0.152,11.543880867552,2.49367618974837,32.2815877841807,0
0.153,11.51318724511,2.57179216476402,32.2896058487097,0
0.154,11.4509818017967,2.51015781135592,32.2975031338265,0
0.155,11.6046514235778,2.51542717637164,32.3052796150721,0
0.156,11.3608353454463,2.50607266341281,32.3129353026938,0
0.157,11.7577673495227,2.45180874554211,32.3204702424842,0
0.158,11.4676589349406,2.48443120261825,32.3278845166353,0
0.159,11.5439504928444,2.49864150876419,32.335178244609,0
0.16,11.4335721316429,2.53011111461396,32.342351584023,0
0.161,11.4025067314655,2.34030518904075,32.3494047315545,0
0.162,11.6183587835222,2.424170506222,32.3563379238615,0
0.163,11.5092147064087,2.53416131257649,32.3631514385236,0
0.164,11.5288564196829,2.49534559027218,32.369845595003,0
0.165,11.5187506199635,2.4715250029892,32.3764207556256,0
0.166,11.5762247305915,2.48461572368587,32.382877326585,0
0.167,11.6809688367052,2.51547034913054,32.3892157589696,0
0.168,11.5739905205676,2.40683215781032,32.3954365498136,0
0.169,11.5766428746443,2.47241046554317,32.4015402431741,0
0.17,11.6322286589753,2.35554817725591,32.4075274312345,0
0.171,11.5986449335518,2.45391287952878,32.4133987554363,0
0.172,11.3942199544162,2.44980886835381,32.4191549076405,0
0.173,11.4832666817085,2.50567280713624,32.4247966313199,0
0.174,11.3476249977757,2.4035932891925,32.4303247227834,0
0.175,11.5687684692833,2.46524417473176,32.4357400324349,0
0.176,11.7013169853714,2.48339429618606,32.4410434660675,0
0.177,11.6695424478194,2.39789107315579,32.446235986195,0
0.178,11.6041024879825,2.44642427328531,32.4513186134226,0
0.179,11.4186765848389,2.4308943673441,32.4562924278588,0
0.18,11.4392155565612,2.41737829419452,32.4611585705697,0
0.181,11.5313790943337,2.39877280107868,32.4659182450782,0
0.182,11.5006836700269,2.3881925503549,32.4705727189108,0
0.183,11.6011233237351,2.36054080085001,32.4751233251929,0
0.184,11.6462312851006,2.39341753266511,32.4795714642959,0
0.185,11.4901384569623,2.36774140161634,32.4839186055382,0
0.186,11.508528914617,2.40961540752151,32.4881662889419,0
0.187,11.6256755903548,2.48787824886608,32.4923161270494,0
0.188,11.5655272464209,2.39254352725475,32.4963698068006,0
0.189,11.3490221795405,2.45370067857537,32.5003290914747,0
0.19,11.4363163786846,2.4273142883754,32.5041958227,0
0.191,11.4426700068182,2.46827699699943,32.5079719225328,0
0.192,11.3857154865344,2.39830864147981,32.5116593956109,0
0.193,11.50056464372,2.3915901731833,32.5152603313828,0
0.194,11.5322491207163,2.38697842167245,32.5187769064175,0
0.195,11.6588739653961,2.33170866237683,32.5222113867987,0
0.196,11.5904832827525,2.49230903928567,32.5255661306049,0
0.197,11.6365041474135,2.31750464416332,32.5288435904814,0
0.198,11.445193728002,2.38089750443661,32.5320463163083,0
0.199,11.5530824319482,2.36709467126047,32.5351769579659,0
0.2,11.6847711558222,2.38750576596872,32.5382382682051,0
0.201,11.4567142201633,2.31076068634199,32.5412331056254,0
0.202,11.5890939171248,2.41983761571011,32.5441644377647,0
0.203,11.6493768069905,2.37744330954045,32.5470353443071,0
0.204,11.418272241351,2.36695553222369,32.5498490204124,0
0.205,11.5712577909621,2.44840750108773,32.5526087801725,0
0.206,11.4319726540243,2.41009111788249,32.5553180602005,0
0.207,11.475337417037,2.46146222733952,32.5579804233566,0
0.208,11.4563318274807,2.44054739899784,32.5605995626176,0
0.209,11.4728429198871,2.34690938318011,32.5631793050949,0
0.21,11.49223076293,2.36106919149282,32.5657236162061,0
0.211,11.43947227457,2.43597385290126,32.5682366040074,0
0.212,11.4603400190556,2.35267578672685,32.5707225236913,0
0.213,11.5732380872141,2.36986623839583,32.5731857822569,0
0.214,11.6901120825769,2.35145189507219,32.5756309433574,0
0.215,11.3688146094897,2.39523367210438,32.5780627323317,0
0.216,11.4956477486233,2.4287970361924,32.5804860414273,0
0.217,11.5568326951497,2.34546399333548,32.582905935217,0
0.218,11.5708805225338,2.35191238354899,32.5853276562204,0
0.219,11.6174425870024,2.42601556341449,32.5877566307311,0
0.22,11.5349920717944,2.46540097137997,32.5901984748591,0
0.221,11.3472991638214,2.42932162052172,32.5926590007918,0
0.222,11.587848525161,2.31512721547123,32.5951442232794,0
0.223,11.6104162370172,2.38268840224076,32.5976603663501,0
0.224,11.4651415334341,2.4044533566353,32.6002138702582,0
0.225,11.4877374703238,2.39527966589581,32.6028113986712,0
0.226,11.4605722738569,2.36840363252823,32.6054598460963,0
0.227,11.5017120062178,2.31058765355581,32.608166345552,0
0.228,11.4238462913132,2.46257868589712,32.6109382764836,0
0.229,11.6353294864144,2.45950210208471,32.6137832729259,0
0.23,11.3943291993518,2.44712999945499,32.6167092319108,0
0.231,11.4765071162859,2.39698175019575,32.6197243221186,0
0.232,11.6458323524808,2.35542741195353,32.6228369927705,0
0.233,11.5509662044301,2.45599986503802,32.6260559827565,0
0.234,11.4750338474576,2.38983162680794,32.6293903299922,0
0.235,11.4672800448698,2.42739559285258,32.6328493809959,0
0.236,11.547247706374,2.50878372826702,32.6364428006747,0
0.237,11.5973395957976,2.50173527411642,32.6401805823048,0
0.238,11.5772764371967,2.44501790560864,32.6440730576914,0
0.239,11.6774502226531,2.48807123284036,32.6481309074858,0
0.24,11.4012055085274,2.44538942235843,32.652365171638,0
0.241,11.4822320958895,2.44858899802888,32.6567872599575,0
0.242,11.295626232402,2.48767607837814,32.6614089627501,0
0.243,11.5371146250172,2.44354233738716,32.666242461496,0
0.244,11.5674852024763,2.61315816095445,32.6713003395281,0
0.245,11.4999704320761,2.5553407101826,32.676595592665,0
0.246,11.3207292789446,2.5040061831855,32.6821416397479,0
0.247,11.2807005927113,2.55433578528684,32.6879523330231,0
0.248,11.666336817041,2.61586850087709,32.6940419683093,0
0.249,11.3565791611159,2.57292815783299,32.7004252948773,0
0.25,11.572248224643,2.5845218167691,32.7071175249678,0
0.251,11.4584573983329,2.64994173635202,32.7141343428629,0
0.252,11.4646427220031,2.70056941345027,32.7214919134208,0
0.253,11.4081761821798,2.6865370863673,32.7292068899753,0
0.254,11.5226987011498,2.66692385915005,32.7372964214943,0
0.255,11.4465515940942,2.70438651671713,32.7457781588855,0
0.256,11.3517406734081,2.69744923177203,32.7546702603252,0
0.257,11.4235164794036,2.6930160058715,32.7639913954856,0
0.258,11.449089224417,2.70237335942594,32.7737607485223,0
0.259,11.4334544539755,2.71663775739955,32.7839980196809,0
0.26,11.4868938588115,2.73488994870327,32.7947234253735,0
0.261,11.4781865440779,2.79988175693986,32.8059576965711,0
0.262,11.1820291960269,2.74277449685745,32.8177220753514,0
0.263,11.3498812290178,2.83941668804491,32.8300383094398,0
0.264,11.4124566640513,2.79455395440131,32.8429286445754,0
0.265,11.4662443631334,2.88197048090082,32.856415814536,0
0.266,11.4821383263591,2.87533315544301,32.8705230286522,0
0.267,11.4622829067844,2.95537923617367,32.8852739566439,0
0.268,11.3647628757982,3.02427306098511,32.9006927106174,0
0.269,11.5414579871924,2.91993247852838,32.9168038240632,0
0.27,11.3104097635565,2.99559884216221,32.9336322277048,0
0.271,11.2382470566666,3.02546539275357,32.9512032220583,0
0.272,11.4217867616851,3.07054524215239,32.9695424465749,0
0.273,11.469383067878,3.11532916822936,32.9886758452521,0
0.274,11.4635708004047,3.11077749531655,33.00862962862,0
0.275,11.4121735434399,3.17738451880465,33.0294302320268,0
0.276,11.4406826876826,3.273582121326,33.0511042701727,0
0.277,11.3621257966133,3.26558152900487,33.0736784878663,0
0.278,11.4958566628039,3.26861429073516,33.0971797070076,0
0.279,11.4673893472736,3.34473929632079,33.1216347698305,0
0.28,11.3340524445999,3.39326021139119,33.1470704784749,0
0.281,11.3956017989702,3.31451010594684,33.1735135309893,0
0.282,11.4207693613954,3.432535503451,33.2009904539075,0
0.283,11.4520507835009,3.57918872312673,33.2295275315771,0
0.284,11.2809834771403,3.52191259488037,33.2591507324592,0
0.285,11.4120479706163,3.5675678755456,33.2898856326611,0
0.286,11.3875298169056,3.67799377039707,33.3217573369986,0
0.287,11.367546696372,3.57982303614409,33.3547903979303,0
0.288,11.3817743513876,3.72412344057215,33.3890087327397,0
0.289,11.2426417612242,3.70798673257311,33.4244355393809,0
0.29,11.3068536996544,3.77808533391181,33.4610932114364,0
0.291,11.3454501220977,3.83856687839825,33.4990032526659,0
0.292,11.1835217986935,3.84118117963052,33.5381861916543,0
0.293,11.0909474145849,3.86324853602654,33.578661497089,0
0.294,11.2761430719836,3.97094502656398,33.6204474942141,0
0.295,11.2215494734164,3.9767632759962,33.6635612830237,0
0.296,11.2375815532491,4.03266283259735,33.7080186587634,0
0.297,11.1823645827966,4.10156463803845,33.7538340353078,0
0.298,11.0900816050423,4.16148342147495,33.8010203719797,0
0.299,11.2140342216251,4.14880865843189,33.8495891043636,0
0.3,11.2500890578312,4.15744424089507,33.8995500796471,0
0.301,11.1769514710777,4.27234707749971,33.9509114969996,0
0.302,11.1174441620122,4.36151025352481,34.0036798534679,0
0.303,11.1257205982619,4.30989057928023,34.057859895829,0
0.304,11.0980091836564,4.410700277595,34.1134545788004,0
0.305,10.9737433586719,4.50117276644536,34.1704650299589,0
0.306,11.1294306313848,4.47139889918143,34.2288905216678,0
0.307,11.2002379380515,4.53596601447586,34.2887284502568,0
0.308,11.0910352077524,4.55810078399454,34.349974322641,0
0.309,11.0199206334874,4.56129772935271,34.4126217505024,0
0.31,11.13390358865,4.61112022458899,34.4766624520984,0
0.311,11.1798679982681,4.63293098163036,34.5420862616973,0
0.312,11.0958357179856,4.72900797488694,34.6088811465784,0
0.313,11.0911808136004,4.87011393118939,34.6770332314756,0
0.314,11.0555390627724,4.83379318563564,34.7465268302824,0
0.315,10.9675549005498,4.94519997521334,34.8173444847812,0
0.316,11.0299831350372,4.86010954144223,34.8894670101069,0
0.317,11.1214565856388,4.92074812269842,34.9628735466069,0
0.318,10.9949331056519,5.07262385100573,35.0375416177149,1
0.319,11.063210552533,4.95759878939984,35.1134471934178,1
0.32,10.9786925998873,4.9994264508641,35.190564758861,1
0.321,11.0360536747919,5.20292502130054,35.2688673876104,1
0.322,10.90747026435,5.1901942175701,35.3483268190656,1
0.323,10.8429294846507,5.18997492100643,35.4289135395058,1
0.324,10.7110757034914,5.21800757245928,35.5105968662351,1
0.325,11.0205956625529,5.30656214156041,35.593345034293,1
0.326,10.9749924502184,5.31858287699629,35.6771252851938,1
0.327,11.0061703520851,5.35830583847807,35.7619039571652,1
0.328,10.9836641042343,5.42645387944012,35.8476465763673,1
0.329,10.7421146607842,5.45219092317203,35.934317948587,1
0.33,10.9236724971972,5.43243904183384,36.0218822509213,1
0.331,11.1004213359588,5.38485459340126,36.1103031229877,1
0.332,10.9937457753984,5.55200021364262,36.1995437572215,1
0.333,10.8794771825338,5.46386913230181,36.2895669878498,1
0.334,10.8417632056682,5.41904294229174,36.3803353781625,1
0.335,10.846216990901,5.59177556149024,36.4718113057291,1
0.336,10.9028612973352,5.60857553035385,36.5639570452456,1
0.337,10.890024995977,5.59937083553752,36.6567348487263,1
0.338,10.7766117687878,5.66322890201285,36.7501070227914,1
0.339,10.8153420981254,5.75132512005966,36.8440360028313,1
0.34,10.8273350377067,5.72492053838513,36.9384844238646,1
0.341,10.9602732385586,5.71824428892018,37.0334151879354,1
0.342,10.9475219460393,5.76213508397638,37.1287915279295,1
0.343,10.8712479700231,5.69757715239866,37.2245770677162,1
0.344,10.7102790941432,5.72906118268638,37.3207358785528,1
0.345,10.8558935029037,5.77239571391317,37.4172325317121,1
0.346,10.9058537794077,5.79036250868424,37.514032147323,1
0.347,10.8039624233124,5.97906055668434,37.611100439431,1
0.348,10.6884384152753,5.91774132179326,37.7084037573125,1
0.349,10.738572595569,5.95852417289612,37.8059091230902,1
0.35,10.8894967682745,5.91398968149322,37.9035842657196,1
0.351,10.8005972214411,5.91063937708175,38.0013976514263,1
0.352,10.8421178104636,6.00530989164558,38.0993185106921,1
0.353,10.8313797639569,6.00361514689306,38.1973168618956,1
0.354,10.8719887062114,5.97909537375243,38.2953635317252,1
0.355,10.8891509468506,5.92731653941257,38.3934301724891,1
0.356,10.8343309806635,6.13752467083933,38.4914892764551,1
0.357,10.8423413068113,6.1497878337572,38.5895141873558,1
0.358,10.8206862876234,6.01044437173478,38.6874791092005,1
0.359,10.6665304249602,6.14109013927085,38.7853591125368,1
0.36,10.8708703561153,6.07825270252501,38.8831301383064,1
0.361,10.880103787312,6.07588195450313,38.9807689994389,1
0.362,10.8055320408913,6.06837545162854,39.0782533803291,1
0.363,10.7460284118873,6.11046049847993,39.1755618343385,1
0.364,10.7106640257442,6.15429255993429,39.2726737794633,1
0.365,10.6085144948953,6.0865044605498,39.3695694923034,1
0.366,10.7655484498101,6.17588612335409,39.4662301004699,1
0.367,10.8209664137126,6.1048820394568,39.5626375735577,1
0.368,10.8540179457248,6.18433065935196,39.6587747128108,1
0.369,10.7432414236605,6.15593593492054,39.7546251396013,1
0.37,10.7054082935132,6.27711600946038,39.8501732828373,1
0.371,10.9236363185892,6.18949575664163,39.945404365412,1
0.372,10.9207469950176,6.2233291651292,40.0403043897987,1
0.373,10.9868257594646,6.26565825608788,40.1348601228936,1
0.374,10.6520063019194,6.2433186927083,40.2290590802009,1
0.375,10.6154984097101,6.23399875570172,40.322889509451,1
0.376,10.7583441160544,6.18348205554327,40.4163403737351,1
0.377,10.7792372097731,6.26074762766438,40.5094013342379,1
0.378,10.8071289593808,6.34594880236732,40.6020627326411,1
0.379,10.6877869249531,6.31806940393269,40.6943155732681,1
0.38,10.715469790122,6.24718059689325,40.7861515050342,1
0.381,10.7029404543783,6.36075846908822,40.8775628032623,1
0.382,10.5351301793427,6.3136927496132,40.9685423514196,1
0.383,10.6485129126164,6.36504836175281,41.0590836228262,1
0.384,10.7359879566074,6.34292592558975,41.149180662383,1
0.385,10.686255796059,6.22645676251728,41.2388280683604,1
0.386,10.8105928514234,6.29609839994695,41.3280209742889,1
0.387,10.784387631512,6.43607418225893,41.4167550309854,1
0.388,10.7535900090014,6.35339716503483,41.5050263887482,1
0.389,10.7844006354007,6.33885536421329,41.592831679749,1
0.39,10.926547145468,6.38948271776325,41.680168000648,1
0.391,10.6946198006487,6.41087282232564,41.7670328954553,1
0.392,10.9849095260714,6.35199146065645,41.8534243386578,1
0.393,10.9031049560535,6.40971913469606,41.9393407186313,1
0.394,10.842585399629,6.33702750426892,42.0247808213507,1
0.395,10.5180405302684,6.37211936095559,42.1097438144138,1
0.396,10.6572613052471,6.38080736918617,42.1942292313885,1
0.397,10.5808760359291,6.42723372673185,42.2782369564937,1
0.398,10.731668471213,6.51927634582637,42.3617672096207,1
0.399,10.6044914853688,6.45884114915105,42.4448205317016,1
0.4,10.665222135234,6.38895379138753,42.5273977704297,1
0.401,10.8559077315893,6.35604124152955,42.6095000663336,1
0.402,10.5842045119449,6.40616722535426,42.6911288392092,1
0.403,10.5212837798968,6.52538538529763,42.7722857749085,1
0.404,10.6301232353777,6.48205263253389,42.8529728124864,1
0.405,10.6781931353992,6.40684925321648,42.9331921317038,1
0.406,10.7711648018167,6.53305901923266,43.0129461408852,1
0.407,10.713549042831,6.42930721526953,43.0922374651284,1
0.408,10.6654552524619,6.47489884723745,43.171068934863,1
0.409,10.7231184065949,6.44674603892139,43.2494435747539,1
0.41,10.5848089764114,6.48627108574764,43.3273645929443,1
0.411,10.7277114620282,6.45769965671221,43.4048353706358,1
0.412,10.8002594612627,6.45990027448011,43.4818594519979,1
0.413,10.6935490293009,6.46491362507055,43.5584405344018,1
0.414,10.8131249565955,6.60877037807293,43.6345824589747,1
0.415,10.6602892668296,6.41175896128078,43.7102892014648,1
0.416,10.7945320697213,6.56820193049933,43.7855648634143,1
0.417,10.5569365385677,6.49887008829784,43.8604136636313,1
0.418,10.6950534956,6.55457441111526,43.9348399299549,1
0.419,10.7465005981627,6.58371971691613,44.0088480913071,1
0.42,10.5837112732872,6.46364220218198,44.0824426700243,1
0.421,10.5398531727137,6.57899668410992,44.1556282744606,1
0.422,10.6273825894367,6.53422268812105,44.2284095918579,1
0.423,10.6595900295627,6.50042630653796,44.3007913814746,1
0.424,10.8201636475798,6.55536654756827,44.3727784679657,1
0.425,10.5829020949857,6.55737435810718,44.4443757350089,1
0.426,10.7868742698275,6.58240246101939,44.5155881191685,1
0.427,10.6555022646602,6.59222561375642,44.586420603991,1
0.428,10.6184938231603,6.56182581514445,44.6568782143263,1
0.429,10.644289213365,6.61958441487873,44.7269660108661,1
0.43,10.8919837905117,6.60263990037532,44.7966890848957,1
0.431,10.615734110436,6.65605960337195,44.8660525532504,1
0.432,10.8276935471128,6.66866660933677,44.935061553472,1
0.433,10.6838175709828,6.57808760734943,45.0037212391587,2
0.434,10.6239603804934,6.59394715926768,45.0720367755013,2
0.435,10.743756834013,6.66646584346825,45.1400133350026,2
0.436,10.6840932732173,6.71952652620811,45.2076560933714,2
0.437,10.6624995182292,6.68826206541656,45.2749702255872,2
0.438,10.7182146068016,6.62859522757735,45.3419609021301,2
0.439,10.6213480596279,6.64449838625928,45.4086332853694,2
0.44,10.8795800695479,6.71968665280894,45.4749925261079,2
0.441,10.6767045993071,6.58840867999111,45.5410437602745,2
0.442,10.7463899196544,6.63758837334209,45.6067921057622,2
0.443,10.7663305277212,6.61566671613525,45.6722426594058,2
0.444,10.5702094537158,6.73051214502266,45.7374004940948,2
0.445,10.8097052546265,6.60356308794272,45.8022706560178,2
0.446,10.7598509382974,6.64547608772447,45.8668581620327,2
0.447,10.5855813630071,6.68003721550439,45.9311679971605,2
0.448,10.6906804731857,6.69902839962348,45.995205112197,2
0.449,10.5665908260422,6.6682012318238,46.058974421439,2
0.45,10.7799397750683,6.64279411472313,46.1224808005226,2
0.451,10.6531179359907,6.68263232237932,46.1857290843676,2
0.452,10.7456167837864,6.68851467957169,46.2487240652263,2
0.453,10.6594338899098,6.65118318793265,46.3114704908334,2
0.454,10.6791689715935,6.64919302796543,46.3739730626525,2
0.455,10.6017972387202,6.7319890338123,46.4362364342171,2
0.456,10.6041524978585,6.76223803701945,46.4982652095633,2
0.457,10.630107411878,6.75993735193465,46.5600639417506,2
0.458,10.8903106559328,6.73901046710981,46.621637131468,2
0.459,10.7336324164924,6.71348622068309,46.6829892257242,2
0.46,10.7015814634165,6.66768572490523,46.7441246166175,2
0.461,10.6991984179968,6.70600582073743,46.8050476401837,2
0.462,10.8828790274261,6.73127023795362,46.8657625753208,2
0.463,10.6875896370928,6.75334522894057,46.9262736427859,2
0.464,10.70617297699,6.7862899109519,46.9865850042651,2
0.465,10.5781211310715,6.79110626050826,47.0467007615111,2
0.466,10.6363989331071,6.82695111232862,47.1066249555498,2
0.467,10.5332579821424,6.80902959020803,47.1663615659515,2
0.468,10.6904390433412,6.72795511883766,47.2259145101666,2
0.469,10.5676990518314,6.84287020512888,47.2852876429229,2
0.47,10.7699005282527,6.75587426837424,47.3444847556841,2
0.471,10.7300840883221,6.79199560807313,47.4035095761669,2
0.472,10.6243463891317,6.7847495584219,47.4623657679156,2
0.473,10.5939559251769,6.85921826526687,47.5210569299333,2
0.474,10.4910673201676,6.74548608642128,47.5795865963678,2
0.475,10.7123406761228,6.86932485956252,47.6379582362508,2
0.476,10.7118498118448,6.80848049930138,47.6961752532905,2
0.477,10.6148360294471,6.8084121963923,47.754240985714,2
0.478,10.8339485410998,6.79069103948511,47.8121587061616,2
0.479,10.6817148074808,6.82178179243575,47.8699316216292,2
0.48,10.681243112654,6.80786032111294,47.9275628734596,2
0.481,10.6221022779071,6.8302576726777,47.9850555373807,2
0.482,10.6953975664671,6.9405156621239,48.0424126235906,2
0.483,10.5429925461892,6.8784020073647,48.0996370768883,2
0.484,10.6063825085315,6.84106344019073,48.1567317768489,2
0.485,10.5152267404262,6.95947182190947,48.2136995380436,2
0.486,10.4903585194811,6.93702107691789,48.2705431103027,2
0.487,10.4284526032801,6.93203044255356,48.3272651790214,2
0.488,10.7699250687427,6.89196096436221,48.3838683655076,2
0.489,10.4064954447459,6.95917655326397,48.4403552273715,2
0.49,10.843932458871,6.89951091608372,48.496728258956,2
0.491,10.683542364672,6.89887267972278,48.5529898918066,2
0.492,10.3944001802228,6.91417577885812,48.6091424951821,2
0.493,10.595556978177,6.92809079450208,48.6651883766033,2
0.494,10.6918006492773,6.98354069027973,48.721129782441,2
0.495,10.5332073831019,7.0087462508073,48.7769688985415,2
0.496,10.6803429202947,6.86997021152677,48.8327078508895,2
0.497,10.4957223928927,6.95320687684154,48.8883487063075,2
0.498,10.6080434598721,6.91039129051075,48.9438934731916,2
0.499,10.7493230794227,7.04920059093348,48.9993441022829,2
0.5,10.6331012195934,7.07565053707512,49.054702487473,2
0.501,10.718307030532,6.96916412188846,49.1099704666442,2
0.502,10.5996887256973,7.05149441588311,49.1651498225429,2
0.503,10.5238355496523,7.04208429200784,49.2202422836852,2
0.504,10.6419540018084,7.04025330452262,49.2752495252947,2
0.505,10.5947010071879,7.07324637370518,49.3301731702705,2
0.506,10.8010791136097,7.07107770438665,49.3850147901854,2
0.507,10.5048447482563,7.05162778458453,49.4397759063125,2
0.508,10.5954432964496,7.00957180530513,49.4944579906793,2
0.509,10.4381133264614,7.12823940285575,49.5490624671487,2
0.51,10.7457309083103,7.00878398674631,49.6035907125238,2
0.511,10.6478222828177,7.06094509020571,49.6580440576769,2
0.512,10.7222393784123,7.05428487948043,49.7124237887002,2
0.513,10.5539594618971,7.12813599216058,49.7667311480763,2
0.514,10.6230818807164,7.14370052007151,49.8209673358669,2
0.515,10.70693673568,7.15532056384218,49.8751335109172,2
0.516,10.5462328863853,7.16719377636854,49.9292307920749,2
0.517,10.6312546991028,7.03203026241827,49.9832602594197,2
0.518,10.4325371263316,7.12727938097617,50.0372229555017,2
0.519,10.5425693430566,7.11575432113005,50.0911198865855,2
0.52,10.5587100981985,7.08978849534786,50.1449520238974,2
0.521,10.4994488193343,7.13646426508674,50.1987203048714,2
0.522,10.4105414422262,7.11757277824956,50.2524256343908,2
0.523,10.5957984274091,7.07732737129489,50.3060688860225,2
0.524,10.5898627583599,7.10492749247738,50.3596509032377,2
0.525,10.6268952450173,7.10282905146001,50.4131725006165,2
0.526,10.6603167861736,7.11200460931842,50.4666344650309,2
0.527,10.4748321529514,7.15616571763618,50.5200375568,2
0.528,10.5873403120937,7.17853633482435,50.5733825108141,2
0.529,10.5744466219947,7.1252644802281,50.6266700376199,2
0.53,10.6785399947913,7.10252151250769,50.6799008244609,2
0.531,10.6501059308176,7.13308830730276,50.7330755362676,2
0.532,10.478101590558,7.22187101742057,50.7861948165892,2
0.533,10.3738411235619,7.24031874506647,50.839259288459,2
0.534,10.4730325294915,7.13156500648758,50.892269555188,2
0.535,10.6519876568286,7.22579538607413,50.9452262010752,2
0.536,10.5512418081065,7.19111092675759,50.9981297920288,2
0.537,10.5305019652269,7.17259940405637,51.0509808760868,2
0.538,10.4801019079074,7.23880740649933,51.1037799838299,2
0.539,10.48618497209,7.1605154181002,51.1565276286743,2
0.54,10.5939280053804,7.16646994648321,51.2092243070356,2
0.541,10.6223500930974,7.22151440537335,51.2618704983529,2
0.542,10.5961160968375,7.12986274051887,51.3144666649615,2
0.543,10.5624266158438,7.21046332168316,51.3670132518027,2
0.544,10.6602856003143,7.18911209897728,51.4195106859599,2
0.545,10.5243127619934,7.17206528178671,51.4719593760075,2
0.546,10.5397033817924,7.22195051503828,51.5243597111612,2
0.547,10.4423699251156,7.27329027612783,51.5767120602175,2
0.548,10.5593839260406,7.2604060901864,51.6290167702686,2
0.549,10.5235876689447,7.39094759362095,51.681274165181,2
0.55,10.4353712730194,7.27725957643042,51.7334845438247,2
0.551,10.5919190949383,7.24616188332176,51.7856481780402,2
0.552,10.5624411277221,7.33074251700085,51.8377653103315,2
0.553,10.7406490515897,7.33090869730589,51.8898361512715,2
0.554,10.5852456663331,7.25734114336658,51.9418608766096,2
0.555,10.5844395730171,7.30318925150326,51.9938396240691,2
0.556,10.5141146008251,7.25473432805967,52.0457724898229,2
0.557,10.4216240005021,7.29926950646813,52.0976595246396,2
0.558,10.4113585286096,7.30612774559324,52.1495007296882,2
0.559,10.5629650821628,7.43168991552125,52.201296051995,2
0.56,10.6816562859186,7.36459463670824,52.2530453795441,2
0.561,10.5652267118431,7.2756766816195,52.3047485360174,2
0.562,10.6219510025919,7.2665443297553,52.3564052751674,2
0.563,10.476809623484,7.30703080203369,52.4080152748219,2
0.564,10.5563913291602,7.36386495675595,52.4595781305184,2
0.565,10.497881254738,7.44416154826183,52.5110933487692,2
0.566,10.4442859173742,7.32349999726614,52.5625603399604,2
0.567,10.5971721694705,7.34923031421791,52.6139784108883,2
0.568,10.4939819039748,7.28207962161625,52.6653467569428,2
0.569,10.1996353010183,7.42534516524628,52.7166644539448,2
0.57,10.7141145976769,7.39796598374361,52.7679304496519,2
0.571,10.490087830772,7.4157590267227,52.819143554946,2
0.572,10.5576053570823,7.41167565385662,52.8703024347198,2
0.573,10.4732301105641,7.27380848534357,52.9214055984844,2
0.574,10.5336947603389,7.43732602297869,52.9724513907178,2
0.575,10.4913211225185,7.38085724156556,53.0234379809824,2
0.576,10.5107204745782,7.3562525251005,53.0743633538387,2
0.577,10.4728129147355,7.36675752309535,53.1252252985853,2
0.578,10.405392835388,7.44684662279269,53.1760213988603,2
0.579,10.4693583199614,7.49018210919179,53.2267490221376,2
0.58,10.5441515196484,7.44828273162243,53.2774053091578,2
0.581,10.4947752342642,7.49040699291984,53.3279871633323,2
0.582,10.6735601544389,7.37490278927516,53.3784912401621,2
0.583,10.8228989101018,7.32785461194623,53.4289139367155,2
0.584,10.4373591160894,7.3865885971245,53.4792513812066,2
0.585,10.4253096410484,7.35406416800126,53.5294994227213,2
0.586,10.40687595386,7.35443685640055,53.5796536211348,2
0.587,10.4142682959394,7.39270578660292,53.629709237267,2
0.588,10.5002946788399,7.33812705522566,53.6796612233184,2
0.589,10.5457494669162,7.3692183915445,53.7295042136334,2
0.59,10.5264217531698,7.41028882919157,53.7792325158312,2
0.591,10.3800018116159,7.42261095099055,53.8288401023466,2
0.592,10.663035355,7.3784436363768,53.8783206024192,2
0.593,10.6061321362014,7.40567103444297,53.9276672945678,2
0.594,10.4114833499433,7.41825051335996,53.9768730995825,2
0.595,10.4862409801676,7.40244106476917,54.025930574066,2
0.596,10.4612685323716,7.45598382326403,54.0748319045492,2
0.597,10.503647359003,7.37591396188513,54.1235689022053,2
0.598,10.4457177098334,7.44423074671154,54.1721329981793,2
0.599,10.4381528123195,7.49670553896019,54.2205152395485,2
0.6,10.5278329083651,7.50499198341393,54.2687062859224,2
0.601,10.4794697319489,7.39503725105794,54.3166964066879,2
0.602,10.5095813955498,7.44587542232151,54.3644754788999,2
0.603,10.4747490704647,7.3712870979514,54.4120329858132,2
0.604,10.4955498289645,7.44296269364264,54.4593580160469,2
0.605,10.531613748154,7.33501673751606,54.5064392633696,2
0.606,10.4449970677288,7.33126537808779,54.5532650270862,2
0.607,10.6492097453815,7.37022094553937,54.5998232130081,2
0.608,10.5714411415753,7.32305540424874,54.6461013349808,2
0.609,10.2357029211869,7.43817405079899,54.6920865169427,2
0.61,10.4453241322351,7.41486474478243,54.737765495485,2
0.611,10.5763780568473,7.45871120494045,54.7831246228803,2
0.612,10.6059897228398,7.42243641533869,54.8281498705475,2
0.613,10.3702408142526,7.43716141500599,54.8728268329163,2
0.614,10.6900376553816,7.35266005890717,54.917140731659,2
0.615,10.5099822598746,7.44252367567894,54.9610764202511,2
0.616,10.3642944836804,7.39469824084752,55.0046183888286,2
0.617,10.4727049885533,7.35988536571192,55.0477507693075,2
0.618,10.4509623315163,7.44617154875373,55.0904573407331,2
0.619,10.6736732256465,7.42279295597008,55.1327215348311,2
0.62,10.2983075339356,7.37212342797384,55.174526441732,2
0.621,10.4375364813092,7.39108836242322,55.2158548158464,2
0.622,10.5578141357652,7.35395849283881,55.2566890818702,2
0.623,10.5943565539899,7.32566404197909,55.2970113409043,2
0.624,10.3585696862838,7.37346712512404,55.3368033766784,2
0.625,10.6588946033946,7.34414201245603,55.3760466618694,2
0.626,10.3823039697473,7.33265498389936,55.4147223645158,2
0.627,10.4361232635615,7.36441930501375,55.4528113545302,2
0.628,10.490893423555,7.31633035507529,55.4902942103184,2
0.629,10.6111015761123,7.3174075612392,55.527151225522,2
0.63,10.5832191057727,7.41036701229758,55.5633624159019,2
0.631,10.5300449210682,7.20640125483566,55.5989075263913,2
0.632,10.6187210553668,7.27434647089072,55.6337660383486,2
0.633,10.4781521800641,7.24147535543454,55.6679171770478,2
0.634,10.6913109704381,7.39881667075337,55.7013399194492,2
0.635,10.5449343214002,7.27580543740256,55.7340130022989,2
0.636,10.3533030218097,7.36183354044601,55.7659149306095,2
0.637,10.4488414617371,7.27984138098103,55.7970239865816,2
0.638,10.4425444562235,7.26460597218605,55.8273182390263,2
0.639,10.4300608152076,7.19288398624323,55.8567755533588,2
0.64,10.611131480755,7.18795208400533,55.8853736022296,2
0.641,10.4263569161515,7.22755644813139,55.9130898768714,2
0.642,10.549282131184,7.18902642798018,55.9399016992339,2
0.643,10.5393909193754,7.31225347610935,55.9657862349899,2
0.644,10.4765069723408,7.14003493512128,55.9907205074887,2
0.645,10.5671545901167,7.2546019497733,56.0146814127415,2
0.646,10.4884999005105,7.19372677867501,56.0376457355193,2
0.647,10.7461397461979,7.14246584660766,56.0595901666444,2
0.648,10.4130033729922,7.09436863106695,56.0804913215556,2
0.649,10.5932691115437,7.09483453738376,56.1003257602254,2
0.65,10.5196298068762,7.08399341035158,56.1190700085039,2
0.651,10.5515848289663,7.03564063423001,56.1367005809598,2
0.652,10.4025243666266,7.16414250296867,56.1531940052858,2
0.653,10.6628483228864,7.03147210248274,56.1685268483279,2
0.654,10.603510090601,6.9951456190503,56.182675743791,2
0.655,10.6947749690845,7.04017834740498,56.1956174216685,2
0.656,10.6507384416262,7.02316783398381,56.2073287394293,2
0.657,10.512590944822,6.93533147391983,56.21778671499,2
0.658,10.4735686267282,6.96260559978996,56.2269685614871,2
0.659,10.5483827363164,6.97981917362712,56.2348517238497,2
0.66,10.6552365526207,7.01280144280034,56.2414139171643,2
0.661,10.4967088085774,6.91120709427887,56.2466331668042,2
0.662,10.586737582126,6.95463161761275,56.2504878502831,2
0.663,10.3967814689018,6.8068442321513,56.2529567407763,2
0.664,10.5211468577707,6.84619410439745,56.2540190522343,2
0.665,10.6712722975289,6.85330247402946,56.2536544859969,2
0.666,10.7100189649636,6.70145121304472,56.2518432787977,2
0.667,10.7720154527753,6.81073319631756,56.2485662520286,2
0.668,10.6795695100044,6.7449292826052,56.243804862116,2
0.669,10.6784686332826,6.69660443120694,56.2375412518416,2
0.67,10.5493830612306,6.78650026040887,56.2297583024198,2
0.671,10.4543027906917,6.71747933472261,56.220439686127,2
0.672,10.7567150816158,6.63959923147052,56.2095699192584,2
0.673,10.7162475654643,6.63283455932057,56.1971344151714,2
0.674,10.7122813045532,6.55265039168445,56.1831195371585,2
0.675,10.7385371778128,6.54503261449332,56.1675126508762,2
0.676,10.634802282567,6.63842774276252,56.150302176047,2
0.677,10.796450601383,6.64241061062759,56.1314776371338,2
0.678,10.785852879988,6.55156271770951,56.1110297126844,2
0.679,10.6667836002334,6.44777550403396,56.0889502830302,2
0.68,10.6399178322353,6.4723503942984,56.0652324760235,2
0.681,10.7024099147727,6.39815048107041,56.0398707104949,2
0.682,10.7804374006954,6.35970130163286,56.0128607371121,2
0.683,10.8346390063618,6.41360107035942,55.984199676331,2
0.684,10.824811461042,6.432688717468,55.9538860531326,2
0.685,10.5428714864441,6.31523262394031,55.9219198282538,2
0.686,10.7679897043068,6.31865152303751,55.8883024256352,2
0.687,10.4380848179873,6.20240064268478,55.853036755825,2
0.688,10.5916051008977,6.19116900517832,55.816127235101,2
0.689,10.67342703574,6.15466242562967,55.7775798000963,2
0.69,10.7691156550147,6.20465368763093,55.7374019177424,2
0.691,10.7656204247585,6.0824085177016,55.6956025903716,2
0.692,10.7658730273477,6.07215164286146,55.6521923558553,2
0.693,10.8886440676859,6.06715095017002,55.607183282686,2
0.694,10.8034907359311,5.98116904940224,55.5605889599492,2
0.695,10.8868104392104,5.92180950988637,55.5124244821667,2
0.696,10.7979401256689,5.92255792966893,55.4627064290318,2
0.697,10.721051824828,5.86294860991149,55.4114528400929,2
0.698,10.7008281967313,5.8367518287777,55.3586831844829,2
0.699,10.9464198070463,5.87266614981432,55.3044183258246,2
0.7,10.7918476938601,5.7883180963245,55.2486804824832,2
0.701,10.8888475589095,5.79985186827036,55.1914931833665,2
0.702,10.8468162051299,5.65555925240847,55.1328812195087,2
0.703,10.8021051026818,5.68367393520344,55.0728705917033,2
0.704,10.9075424736226,5.59129355743585,55.0114884544746,2
0.705,10.7842489746278,5.61774997074258,54.9487630567063,2
0.706,10.967504065833,5.52474275368405,54.8847236792607,2
0.707,11.0102814880261,5.56466407929974,54.8194005699422,2
0.708,11.0714182471427,5.55535149707012,54.7528248761724,2
0.709,10.963884064814,5.45788136087473,54.6850285757498,2
0.71,10.9967213885804,5.45305570655871,54.6160444060778,2
0.711,10.9888410017875,5.45344839582828,54.5459057922406,2
0.712,10.8159957748713,5.40929987206077,54.4746467743118,2
0.713,10.9120368608764,5.34507256122836,54.4023019342668,2
0.714,10.9721893545916,5.22641184874223,54.3289063228698,2
0.715,10.8226296148969,5.25348553679285,54.2544953868864,2
0.716,10.9211740864492,5.14337241451972,54.1791048969652,2
0.717,10.8084154463387,5.19148298694557,54.1027708765093,2
0.718,10.930297927874,5.22195037228782,54.0255295318423,2
0.719,10.985735599447,5.16951297196991,53.9474171839501,2
0.72,11.0028802909115,5.23547036842817,53.86847020206,2
0.721,11.043877112132,5.07316493311627,53.7887249392909,2
0.722,11.0797938561313,5.08722835789527,53.7082176705867,2
0.723,10.966281011528,5.0267191521946,53.6269845331186,2
0.724,11.0899904302793,4.94423356888213,53.5450614693171,2
0.725,11.1033179211668,4.96289520501549,53.462484172668,2
0.726,10.9900025061529,4.90346403593708,53.3792880363843,2
0.727,11.0225589072962,4.85692305217367,53.295508105039,2
0.728,11.1081266760253,4.84436712733033,53.2111790292226,2
0.729,11.0161949634444,4.83639619332003,53.1263350232649,2
0.73,10.955655720391,4.95094835285537,53.0410098260426,2
0.731,10.9829357021892,4.76511364805,52.9552366648699,2
0.732,10.974782248642,4.73019780967551,52.8690482224557,2
0.733,10.9359837192691,4.70227413364313,52.7824766068912,2
0.734,11.1728598472777,4.71250952396623,52.6955533246171,2
0.735,10.8461556646597,4.74452288573021,52.6083092563062,2
0.736,11.0504393825066,4.60410173438009,52.5207746355856,2
0.737,11.0775269423385,4.51486862399037,52.4329790305107,2
0.738,11.0900142044179,4.60921652942087,52.3449513276942,2
0.739,11.052769123576,4.63965526726864,52.2567197189887,2
0.74,10.9260632983092,4.44588573338606,52.1683116906101,2
0.741,11.0288970769644,4.58236140643118,52.0797540145892,2
0.742,10.9850085847805,4.58400016319756,51.9910727424314,2
0.743,11.1609305942264,4.50825125197638,51.9022932008649,2
0.744,11.0571473934893,4.38005109125303,51.8134399895534,2
0.745,11.148257661085,4.45794950995427,51.7245369806515,2
0.746,11.0984801916965,4.46449058608774,51.6356073200807,2
0.747,11.0529727085885,4.45760739904555,51.5466734304027,2
0.748,11.0393091020229,4.43159903913803,51.4577570151728,2
0.749,10.9780787566276,4.41334953157033,51.368879064655,2
0.75,11.0406371443864,4.41387915818804,51.2800598627859,2
0.751,11.0631694320585,4.27899830410466,51.1913189952759,2
0.752,11.1169302879439,4.37232580796045,51.1026753587417,2
0.753,11.1729655042993,4.21480601194748,51.0141471707676,2
0.754,11.1580632471985,4.28774990498358,50.9257519807968,2
0.755,11.224199365481,4.28420037039585,50.8375066817598,2
0.756,11.1466895305666,4.30576836951878,50.7494275223505,2
0.757,11.2475071341917,4.18553677685244,50.6615301198653,2
0.758,11.1302092737971,4.22735478092813,50.5738294735263,2
0.759,11.1225660368576,4.26915424613854,50.4863399782131,2
0.76,11.2362050227682,4.20653671098045,50.3990754385337,2
0.761,11.18996045874,4.20940195484031,50.3120490831678,2
0.762,11.1745455124496,4.1551165929383,50.2252735794235,2
0.763,11.1185272175732,4.11231697083536,50.1387610479476,2
0.764,11.151185797106,4.17811526727866,50.0525230775404,2
0.765,11.0813933517845,4.14400647746624,49.9665707400242,2
0.766,11.1527702287552,4.15438968645401,49.8809146051231,2
0.767,11.1942218028007,4.06380103621517,49.7955647553113,2
0.768,11.3368596364484,4.07601085877367,49.7105308005955,2
0.769,11.135763612439,4.11261551798859,49.625821893196,2
0.77,11.1402957522009,3.99438054167915,49.5414467420965,2
0.771,11.2075586493781,4.06348454489972,49.4574136274367,2
0.772,11.2020543889324,4.04666062204882,49.3737304147216,2
0.773,11.1907713414415,4.08864081292033,49.2904045688275,2
0.774,11.2029042082933,4.09768585699326,49.2074431677843,2
0.775,10.9894878478368,4.05323095695379,49.1248529163192,2
0.776,11.3280963866723,3.92020924998744,49.042640159145,2
0.777,11.2607066285287,3.88358614901842,48.9608108939836,2
0.778,11.1591431607391,3.8874593233425,48.8793707843114,2
0.779,11.1377336554888,3.98012559066235,48.79832517182,2
0.78,11.1362666062264,3.9069492681095,48.7176790885846,2
0.781,11.0394009230633,3.86957793416578,48.6374372689333,2
0.782,11.1845191114673,3.90369676540961,48.557604161016,2
0.783,11.330642314612,3.89800468327987,48.4781839380668,2
0.784,11.0568838116999,3.82543501032337,48.3991805093605,2
0.785,11.0406207795347,3.88524441484836,48.3205975308613,2
0.786,11.2145939377523,3.82015279886612,48.2424384155645,2
0.787,11.0840140801767,3.82369528956842,48.1647063435319,2
0.788,11.1919087421469,3.90160006475295,48.0874042716235,2
0.789,11.1472664754724,3.82084394346045,48.0105349429263,2
0.79,11.2672972695138,3.80398680698248,47.9341008958864,2
0.791,11.1827014136836,3.9053778693508,47.8581044731441,2
0.792,11.2396807990095,3.87337961378542,47.7825478300805,2
0.793,11.2711920806135,3.8355050141496,47.7074329430759,2
0.794,11.2712311749797,3.82126779310345,47.6327616174888,2
0.795,11.2807011375547,3.75235196749765,47.5585354953582,2
0.796,11.2045493791029,3.75585997959004,47.4847560628348,2
0.797,10.988460414895,3.82152560391392,47.4114246573492,2
0.798,11.262128194802,3.7777421765506,47.3385424745199,2
0.799,11.1454624963277,3.74027708424043,47.2661105748091,2
0.8,11.2930106483538,3.86360220174709,47.194129889932,2
0.801,11.1086155752512,3.72344652160364,47.1226012290258,2
0.802,11.3450446546426,3.7125057945461,47.0515252845848,2
0.803,11.15388630913,3.7142913146677,46.9809026381671,2
0.804,11.1797773103424,3.61295477485922,46.9107337658814,2
0.805,11.2864982192484,3.75177000853758,46.8410190436573,2
0.806,11.4825107026851,3.77194619901351,46.771758752308,2
0.807,11.1547252325059,3.73951597757823,46.7029530823898,2
0.808,11.4294571403927,3.64628580721215,46.634602138866,2
0.809,11.3007799955326,3.63797579855315,46.5667059455807,2
0.81,11.1636498785943,3.7377111799409,46.4992644495475,2
0.811,11.330549210286,3.65622132764722,46.4322775250616,2
0.812,11.2774735901144,3.74000506597617,46.3657449776386,2
0.813,11.2094398357505,3.61983922477792,46.2996665477875,2
0.814,11.2138435975743,3.69774078608853,46.2340419146221,2
0.815,11.0535139146914,3.61719694823534,46.1688706993177,2
0.816,11.2436530083525,3.63321675163527,46.104152468418,2
0.817,11.3138653416241,3.62073352450222,46.0398867369966,2
0.818,11.28828040208,3.71200095855877,45.9760729716799,2
0.819,11.2296518604581,3.68429269659117,45.9127105935348,2
0.82,11.3703503634237,3.64893317290144,45.8497989808277,2
0.821,11.2251803914891,3.69868276538696,45.7873374716576,2
0.822,11.3273632266996,3.58157776678775,45.72532536647,2
0.823,11.1509403597813,3.53897256326966,45.6637619304547,2
0.824,11.248332249884,3.64191498811491,45.6026463958322,2
0.825,11.2971656501909,3.6186037182453,45.5419779640338,2
0.826,11.3415387017522,3.61453147133217,45.4817558077773,2
0.827,11.2741476743117,3.56049755181549,45.4219790730455,2
0.828,11.305436089725,3.63792127757817,45.3626468809681,2
0.829,11.3975556690226,3.62330269229003,45.3037583296131,2
0.83,11.3971701052884,3.52817899747967,45.2453124956906,2
0.831,11.2172263061966,3.58811119062439,45.1873084361713,2
0.832,11.2977690354858,3.64687884512161,45.1297451898251,2
0.833,11.4297917222075,3.57801762951202,45.072621778682,2
0.834,11.2924878343597,3.68023107160118,45.015937209418,2
0.835,11.2796536389194,3.57893086365537,44.9596904746697,1
0.836,11.4190833977289,3.55949304433147,44.9038805542811,1
0.837,11.3670807472363,3.50430356531129,44.8485064164837,1
0.838,11.2128304109799,3.56608686671726,44.7935670190142,1
0.839,11.2795585936427,3.59166850464538,44.7390613101718,1
0.84,11.1673955430398,3.65298093109886,44.6849882298179,1
0.841,11.2555394675757,3.51504991830984,44.6313467103196,1
0.842,11.3708645737234,3.54207416102138,44.5781356774413,1
0.843,11.1527589309988,3.55356533626498,44.5253540511845,1
0.844,11.3842828939958,3.56365403432956,44.4730007465795,1
0.845,11.2442321244938,3.56567223170711,44.4210746744307,1
0.846,11.213432470638,3.61553411494776,44.3695747420169,1
0.847,11.2102336865154,3.57453948365566,44.3184998537489,1
0.848,11.0711846708782,3.50854645723622,44.267848911787,1
0.849,11.2751989666491,3.65433111825373,44.2176208166189,1
0.85,11.1698677151193,3.50435438407527,44.1678144676002,1
0.851,11.1175861703974,3.55092755101067,44.1184287634598,1
0.852,11.2854175276706,3.60220195479916,44.0694626027706,1
0.853,11.2275628591896,3.60356732255122,44.0209148843877,1
0.854,11.2467644988434,3.47318863236344,43.9727845078558,1
0.855,11.2994738741077,3.51319436734531,43.9250703737862,1
0.856,11.3038351004684,3.48132305061272,43.8777713842058,1
0.857,11.252715811257,3.51137697367953,43.8308864428782,1
0.858,11.2595057309728,3.50900543205273,43.7844144556001,1
0.859,11.2485444991654,3.45161333641892,43.7383543304712,1
0.86,11.2629648395779,3.5327827817795,43.6927049781413,1
0.861,11.1953139781788,3.53350971536796,43.6474653120348,1
0.862,11.1583559598867,3.50152080549986,43.6026342485533,1
0.863,11.1767984563925,3.48779435956198,43.5582107072568,1
0.864,11.3423210358172,3.49210005629612,43.5141936110266,1
0.865,11.2902694294358,3.39719337484145,43.470581886208,1
0.866,11.379885026488,3.44843305245471,43.4273744627356,1
0.867,11.4080538007288,3.46074874529365,43.3845702742411,1
0.868,11.2138243558982,3.51312645032437,43.3421682581449,1
0.869,11.1846501027748,3.51604745480046,43.3001673557317,1
0.87,11.1043596214934,3.48334652610972,43.2585665122112,1
0.871,11.2694014000102,3.53304067429893,43.2173646767644,1
0.872,11.3597144775155,3.5160534574647,43.1765608025764,1
0.873,11.4404606071366,3.54580245567126,43.1361538468558,1
0.874,11.2982861719212,3.50090355701292,43.0961427708416,1
0.875,11.2442218269426,3.50745572542971,43.0565265397986,1
0.876,11.3127356411062,3.53371308505088,43.0173041230008,1
0.877,11.2085161748477,3.50421293927742,42.978474493704,1
0.878,11.2997267371167,3.55627452894501,42.9400366291085,1
0.879,11.2825379135146,3.47186069369661,42.9019895103108,1
0.88,11.1667157737041,3.52618842602382,42.8643321222469,1
0.881,11.2568416685493,3.49606852295889,42.8270634536256,1
0.882,11.3366447414235,3.52572905400797,42.7901824968535,1
0.883,11.4327470084926,3.46271161771195,42.7536882479512,1
0.884,11.3451819507524,3.54501522338245,42.7175797064624,1
0.885,11.4842626272186,3.38541391329581,42.6818558753544,1
0.886,11.2204895228897,3.47190882370002,42.6465157609116,1
0.887,11.3081851269839,3.6155793182776,42.6115583726223,1
0.888,11.2727976925387,3.59105487877583,42.5769827230581,1
0.889,11.3040287334226,3.51272763787687,42.5427878277476,1
0.89,11.1814229148811,3.4599058102902,42.5089727050436,1
0.891,11.2784727829273,3.48236049843151,42.475536375984,1
0.892,11.2570222761607,3.47856016050372,42.4424778641478,1
0.893,11.2509604495773,3.54211340789566,42.4097961955048,1
0.894,11.2515741398008,3.59772082852624,42.377490398261,1
0.895,11.2618689199063,3.51016147141959,42.3455595026981,1
0.896,11.2882616000514,3.5158426074421,42.3140025410089,1
0.897,11.4166317614987,3.51216916734649,42.2828185471273,1
0.898,11.2487856856305,3.58428760954297,42.2520065565548,1
0.899,11.285794093918,3.50963465652511,42.221565606182,1
0.9,11.1212526205779,3.54125610194302,42.1914947341063,1
0.901,11.3041576996677,3.47725945756734,42.1617929794456,1
0.902,11.293214183206,3.56623683542165,42.132459382148,1
0.903,11.2200119369042,3.46929204664858,42.1034929827985,1
0.904,11.3212902013184,3.55654569443939,42.0748928224214,1
0.905,11.2551467935137,3.48907240013206,42.0466579422799,1
0.906,11.256195323903,3.69433669823804,42.0187873836722,1
0.907,11.1699286586198,3.55312729116393,41.9912801877244,1
0.908,11.3700834779729,3.50251652520919,41.9641353951808,1
0.909,11.1896093707722,3.53562166470639,41.937352046191,1
0.91,11.2920867868673,3.6120367652581,41.9109291800942,1
0.911,11.292654098143,3.55173009684023,41.8848658352008,1
0.912,11.3520457173778,3.47560390629176,41.8591610485723,1
0.913,11.3535358101876,3.59678633353501,41.833813855797,1
0.914,11.1435136467154,3.54949851724805,41.8088232907654,1
0.915,11.4074892966487,3.51532769023205,41.7841883854417,1
0.916,11.3351627138621,3.63560042631584,41.7599081696338,1
0.917,11.1822349543086,3.5783889105841,41.7359816707617,1
0.918,11.1775773719928,3.51841699476228,41.712407913623,1
0.919,11.2349396786911,3.65761911766881,41.6891859201571,1
0.92,11.2216334074532,3.63381647039536,41.6663147092073,1
0.921,11.3710821617323,3.51594091107118,41.6437932962818,1
0.922,11.3756980242248,3.59652429922985,41.6216206933122,1
0.923,11.2942517770504,3.62768794676165,41.599795908411,1
0.924,11.3750335184376,3.55424417738097,41.5783179456275,1
0.925,11.2826420709832,3.61617011238004,41.5571858047026,1
0.926,11.4035701267009,3.59352744038202,41.536398480822,1
0.927,11.3920078259892,3.59268384907232,41.5159549643678,1
0.928,11.1424940435786,3.55533478157022,41.4958542406704,1
0.929,11.3522098236887,3.67838090778067,41.4760952897574,1
0.93,11.3045764100307,3.63908954248369,41.4566770861036,1
0.931,11.2449901324147,3.61704584133899,41.4375985983781,1
0.932,11.3502296750154,3.63317151703169,41.4188587891926,1
0.933,11.220294751824,3.69831995586979,41.4004566148471,1
0.934,11.207869411694,3.62002512177633,41.3823910250769,1
0.935,11.3202395093405,3.6012485527873,41.3646609627972,1
0.936,11.2521257738238,3.66021013237938,41.3472653638487,1
0.937,11.2713945715923,3.68974630584384,41.3302031567422,1
0.938,11.3756673304052,3.6296886572324,41.3134732624029,1
0.939,11.2104790957352,3.58920787870682,41.2970745939148,1
0.94,11.2832869579927,3.57223462684098,41.281006056265,1
0.941,11.3349555751426,3.60592000261616,41.2652665460875,1
0.942,11.1407213099456,3.74393822833938,41.2498549514079,1
0.943,11.2665871449648,3.72137477839326,41.2347701513876,1
0.944,11.238374815872,3.61812277141474,41.2200110160689,1
0.945,11.3000943556648,3.6720337550615,41.2055764061195,1
0.946,11.279591924341,3.70184635263617,41.1914651725791,1
0.947,11.2553080114599,3.65815116708486,41.1776761566045,1
0.948,11.1692559799488,3.71270212843888,41.1642081892173,1
0.949,11.3427217912759,3.66534139694902,41.1510600910513,1
0.95,11.3986526819368,3.6506342962277,41.1382306721007,1
0.951,11.2975695617167,3.66334404833409,41.12571873147,1
0.952,11.3318238998591,3.74709592689858,41.1135230571244,1
0.953,11.2510732849877,3.70008667869275,41.1016424256415,1
0.954,11.2057508597669,3.70772536339442,41.0900756019645,1
0.955,11.2621900218137,3.73033869764902,41.0788213391562,1
0.956,11.087784575167,3.68873413826884,41.0678783781556,1
0.957,11.4078993220593,3.71593771729811,41.0572454475349,1
0.958,11.3339355470307,3.78107932542745,41.0469212632587,1
0.959,11.0565077403835,3.80341012805708,41.0369045284456,1
0.96,11.1074003907506,3.75770015305986,41.0271939331307,1
0.961,11.2951045460871,3.77622523476229,41.0177881540309,1
0.962,11.220346880912,3.73156552770043,41.008685854312,1
0.963,11.2322732246617,3.75183139452243,40.9998856833586,1
0.964,11.0739686014544,3.76119726095304,40.9913862765452,1
0.965,11.2455897052847,3.81337142286652,40.9831862550115,1
0.966,11.2499453578993,3.78049917148879,40.9752842254389,1
0.967,11.2942461627768,3.85589706575886,40.9676787798303,1
0.968,11.0823035725351,3.75329866668857,40.9603684952929,1
0.969,11.330433180557,3.82528764501242,40.9533519338239,1
0.97,11.1210700891961,3.78369618296368,40.9466276420986,1
0.971,11.2321046855862,3.82317400099096,40.9401941512631,1
0.972,11.3761971097566,3.83378296397707,40.9340499767289,1
0.973,11.3566243523746,3.72635127061611,40.9281936179721,1
0.974,11.2612978166796,3.82918212878076,40.9226235583352,1
0.975,11.3274674919721,3.81088936421529,40.9173382648333,1
0.976,11.1048133864508,3.94991930702994,40.9123361879637,1
0.977,11.3012639850584,3.90985472747292,40.9076157615198,1
0.978,11.3090054231853,3.85530157339032,40.9031754024086,1
0.979,11.1135049233262,3.84063050175304,40.8990135104727,1
0.98,11.2290978533374,3.86483649821706,40.8951284683165,1
0.981,11.4998041384148,3.89379494836217,40.8915186411367,1
0.982,11.3089151860634,3.93896361639283,40.8881823765573,1
0.983,11.3359892518682,3.88952043469371,40.8851180044696,1
0.984,11.2709668126102,3.94214346919873,40.8823238368767,1
0.985,11.0932365412346,3.89147529166244,40.8797981677424,1
0.986,11.0178834467198,3.97027180228061,40.8775392728464,1
0.987,11.1985070889678,3.89644962340371,40.8755454096428,1
0.988,11.1036983640935,3.86944830326799,40.8738148171257,1
0.989,11.0595689655241,3.98817132649484,40.8723457156986,1
0.99,11.1889043848115,3.98401421208377,40.8711363070501,1
0.991,11.2447121091211,3.91756581962151,40.870184774035,1
0.992,11.4255503428602,3.92035890008964,40.8694892805611,1
0.993,11.1530322595471,4.02516766554026,40.8690479714813,1
0.994,11.2067769363305,3.94714335824936,40.8688589724925,1
0.995,11.4572784144863,3.97839851253791,40.8689203900395,1
0.996,11.0914836621797,4.03284071725547,40.8692303112259,1
0.997,11.2192458507921,3.98282448329306,40.8697868037304,1
0.998,11.1660097720529,3.93969674057206,40.8705879157302,1
0.999,11.3231518346251,3.98008088502224,40.87163167583,1
1,11.2013071768589,4.05790742857412,40.8729160929982,1
